{
  "results": [
    {
      "command": "/Users/vekatze/Code/neut/bench/script/../action/bubble/bin/bubble-hs 16666",
      "mean": 1.0720940679200002,
      "stddev": null,
      "median": 1.0720940679200002,
      "user": 1.03110276,
      "system": 0.38816858,
      "min": 1.0720940679200002,
      "max": 1.0720940679200002,
      "times": [
        1.0720940679200002
      ],
      "exit_codes": [
        0
      ],
      "parameters": {
        "SIZE": "16666"
      }
    },
    {
      "command": "/Users/vekatze/Code/neut/bench/script/../action/bubble/bin/bubble-hs 33332",
      "mean": 5.30238002692,
      "stddev": null,
      "median": 5.30238002692,
      "user": 5.35240976,
      "system": 2.58519458,
      "min": 5.30238002692,
      "max": 5.30238002692,
      "times": [
        5.30238002692
      ],
      "exit_codes": [
        0
      ],
      "parameters": {
        "SIZE": "33332"
      }
    },
    {
      "command": "/Users/vekatze/Code/neut/bench/script/../action/bubble/bin/bubble-hs 49998",
      "mean": 14.23709098492,
      "stddev": null,
      "median": 14.23709098492,
      "user": 14.73301276,
      "system": 8.54229758,
      "min": 14.23709098492,
      "max": 14.23709098492,
      "times": [
        14.23709098492
      ],
      "exit_codes": [
        0
      ],
      "parameters": {
        "SIZE": "49998"
      }
    }
  ]
}
