{
  "results": [
    {
      "command": "/Users/vekatze/Code/neut/bench/script/../action/bubble/bin/bubble-nt 16666",
      "mean": 0.74055084508,
      "stddev": null,
      "median": 0.74055084508,
      "user": 0.73422422,
      "system": 0.00120054,
      "min": 0.74055084508,
      "max": 0.74055084508,
      "times": [
        0.74055084508
      ],
      "exit_codes": [
        0
      ],
      "parameters": {
        "SIZE": "16666"
      }
    },
    {
      "command": "/Users/vekatze/Code/neut/bench/script/../action/bubble/bin/bubble-nt 33332",
      "mean": 3.11923076208,
      "stddev": null,
      "median": 3.11923076208,
      "user": 3.0965262199999994,
      "system": 0.00328854,
      "min": 3.11923076208,
      "max": 3.11923076208,
      "times": [
        3.11923076208
      ],
      "exit_codes": [
        0
      ],
      "parameters": {
        "SIZE": "33332"
      }
    },
    {
      "command": "/Users/vekatze/Code/neut/bench/script/../action/bubble/bin/bubble-nt 49998",
      "mean": 7.186488054080001,
      "stddev": null,
      "median": 7.186488054080001,
      "user": 7.13688322,
      "system": 0.00516054,
      "min": 7.186488054080001,
      "max": 7.186488054080001,
      "times": [
        7.186488054080001
      ],
      "exit_codes": [
        0
      ],
      "parameters": {
        "SIZE": "49998"
      }
    }
  ]
}
