{
  "results": [
    {
      "command": "/Users/vekatze/Code/neut/bench/script/../action/bubble/bin/bubble-hs 16666",
      "mean": 1.08182338582,
      "stddev": null,
      "median": 1.08182338582,
      "user": 1.04171738,
      "system": 0.37806184,
      "min": 1.08182338582,
      "max": 1.08182338582,
      "times": [
        1.08182338582
      ],
      "exit_codes": [
        0
      ],
      "parameters": {
        "SIZE": "16666"
      }
    },
    {
      "command": "/Users/vekatze/Code/neut/bench/script/../action/bubble/bin/bubble-hs 33332",
      "mean": 5.35213080282,
      "stddev": null,
      "median": 5.35213080282,
      "user": 5.39924338,
      "system": 2.56415384,
      "min": 5.35213080282,
      "max": 5.35213080282,
      "times": [
        5.35213080282
      ],
      "exit_codes": [
        0
      ],
      "parameters": {
        "SIZE": "33332"
      }
    },
    {
      "command": "/Users/vekatze/Code/neut/bench/script/../action/bubble/bin/bubble-hs 49998",
      "mean": 14.32091984482,
      "stddev": null,
      "median": 14.32091984482,
      "user": 14.832246379999999,
      "system": 8.655518840000001,
      "min": 14.32091984482,
      "max": 14.32091984482,
      "times": [
        14.32091984482
      ],
      "exit_codes": [
        0
      ],
      "parameters": {
        "SIZE": "49998"
      }
    }
  ]
}
