{
  "results": [
    {
      "command": "/Users/vekatze/Code/neut/bench/script/../action/bubble/bin/bubble-nt 16666",
      "mean": 0.7277954688,
      "stddev": null,
      "median": 0.7277954688,
      "user": 0.7234277,
      "system": 0.0008577799999999997,
      "min": 0.7277954688,
      "max": 0.7277954688,
      "times": [
        0.7277954688
      ],
      "exit_codes": [
        0
      ],
      "parameters": {
        "SIZE": "16666"
      }
    },
    {
      "command": "/Users/vekatze/Code/neut/bench/script/../action/bubble/bin/bubble-nt 33332",
      "mean": 2.9558197188,
      "stddev": null,
      "median": 2.9558197188,
      "user": 2.9418916999999998,
      "system": 0.0020067799999999997,
      "min": 2.9558197188,
      "max": 2.9558197188,
      "times": [
        2.9558197188
      ],
      "exit_codes": [
        0
      ],
      "parameters": {
        "SIZE": "33332"
      }
    },
    {
      "command": "/Users/vekatze/Code/neut/bench/script/../action/bubble/bin/bubble-nt 49998",
      "mean": 6.8394138438,
      "stddev": null,
      "median": 6.8394138438,
      "user": 6.810084699999999,
      "system": 0.0027967799999999996,
      "min": 6.8394138438,
      "max": 6.8394138438,
      "times": [
        6.8394138438
      ],
      "exit_codes": [
        0
      ],
      "parameters": {
        "SIZE": "49998"
      }
    }
  ]
}
