{
  "results": [
    {
      "command": "/Users/vekatze/Code/neut/bench/script/../action/dictionary/bin/dictionary-hs 333333",
      "mean": 0.84192846708,
      "stddev": null,
      "median": 0.84192846708,
      "user": 0.97061672,
      "system": 0.37472481999999996,
      "min": 0.84192846708,
      "max": 0.84192846708,
      "times": [
        0.84192846708
      ],
      "exit_codes": [
        0
      ],
      "parameters": {
        "SIZE": "333333"
      }
    },
    {
      "command": "/Users/vekatze/Code/neut/bench/script/../action/dictionary/bin/dictionary-hs 666666",
      "mean": 1.9938847590800002,
      "stddev": null,
      "median": 1.9938847590800002,
      "user": 2.2896737199999997,
      "system": 0.81084082,
      "min": 1.9938847590800002,
      "max": 1.9938847590800002,
      "times": [
        1.9938847590800002
      ],
      "exit_codes": [
        0
      ],
      "parameters": {
        "SIZE": "666666"
      }
    },
    {
      "command": "/Users/vekatze/Code/neut/bench/script/../action/dictionary/bin/dictionary-hs 999999",
      "mean": 3.14281192608,
      "stddev": null,
      "median": 3.14281192608,
      "user": 3.57974172,
      "system": 1.18083682,
      "min": 3.14281192608,
      "max": 3.14281192608,
      "times": [
        3.14281192608
      ],
      "exit_codes": [
        0
      ],
      "parameters": {
        "SIZE": "999999"
      }
    }
  ]
}
