{
  "results": [
    {
      "command": "/Users/vekatze/Code/neut/bench/script/../action/dictionary/bin/dictionary-nt 333333",
      "mean": 0.51185943668,
      "stddev": null,
      "median": 0.51185943668,
      "user": 0.50264696,
      "system": 0.00591564,
      "min": 0.51185943668,
      "max": 0.51185943668,
      "times": [
        0.51185943668
      ],
      "exit_codes": [
        0
      ],
      "parameters": {
        "SIZE": "333333"
      }
    },
    {
      "command": "/Users/vekatze/Code/neut/bench/script/../action/dictionary/bin/dictionary-nt 666666",
      "mean": 1.12394976968,
      "stddev": null,
      "median": 1.12394976968,
      "user": 1.10459496,
      "system": 0.011336639999999999,
      "min": 1.12394976968,
      "max": 1.12394976968,
      "times": [
        1.12394976968
      ],
      "exit_codes": [
        0
      ],
      "parameters": {
        "SIZE": "666666"
      }
    },
    {
      "command": "/Users/vekatze/Code/neut/bench/script/../action/dictionary/bin/dictionary-nt 999999",
      "mean": 1.7096815196800002,
      "stddev": null,
      "median": 1.7096815196800002,
      "user": 1.68206496,
      "system": 0.01597664,
      "min": 1.7096815196800002,
      "max": 1.7096815196800002,
      "times": [
        1.7096815196800002
      ],
      "exit_codes": [
        0
      ],
      "parameters": {
        "SIZE": "999999"
      }
    }
  ]
}
