{
  "results": [
    {
      "command": "/Users/vekatze/Code/neut/bench/script/../action/intmap/bin/intmap-nt 333333",
      "mean": 0.31990780298,
      "stddev": null,
      "median": 0.31990780298,
      "user": 0.313012,
      "system": 0.00427504,
      "min": 0.31990780298,
      "max": 0.31990780298,
      "times": [
        0.31990780298
      ],
      "exit_codes": [
        0
      ],
      "parameters": {
        "SIZE": "333333"
      }
    },
    {
      "command": "/Users/vekatze/Code/neut/bench/script/../action/intmap/bin/intmap-nt 666666",
      "mean": 0.8031288039800001,
      "stddev": null,
      "median": 0.8031288039800001,
      "user": 0.7895209999999999,
      "system": 0.00792804,
      "min": 0.8031288039800001,
      "max": 0.8031288039800001,
      "times": [
        0.8031288039800001
      ],
      "exit_codes": [
        0
      ],
      "parameters": {
        "SIZE": "666666"
      }
    },
    {
      "command": "/Users/vekatze/Code/neut/bench/script/../action/intmap/bin/intmap-nt 999999",
      "mean": 1.35083746998,
      "stddev": null,
      "median": 1.35083746998,
      "user": 1.3316709999999998,
      "system": 0.01085204,
      "min": 1.35083746998,
      "max": 1.35083746998,
      "times": [
        1.35083746998
      ],
      "exit_codes": [
        0
      ],
      "parameters": {
        "SIZE": "999999"
      }
    }
  ]
}
