{
  "results": [
    {
      "command": "/Users/vekatze/Code/neut/bench/script/../action/intmap/bin/intmap-hs 333333",
      "mean": 0.58428620302,
      "stddev": null,
      "median": 0.58428620302,
      "user": 0.71783186,
      "system": 0.22759602,
      "min": 0.58428620302,
      "max": 0.58428620302,
      "times": [
        0.58428620302
      ],
      "exit_codes": [
        0
      ],
      "parameters": {
        "SIZE": "333333"
      }
    },
    {
      "command": "/Users/vekatze/Code/neut/bench/script/../action/intmap/bin/intmap-hs 666666",
      "mean": 1.39785274502,
      "stddev": null,
      "median": 1.39785274502,
      "user": 1.71732186,
      "system": 0.56052702,
      "min": 1.39785274502,
      "max": 1.39785274502,
      "times": [
        1.39785274502
      ],
      "exit_codes": [
        0
      ],
      "parameters": {
        "SIZE": "666666"
      }
    },
    {
      "command": "/Users/vekatze/Code/neut/bench/script/../action/intmap/bin/intmap-hs 999999",
      "mean": 2.3540690370200004,
      "stddev": null,
      "median": 2.3540690370200004,
      "user": 2.80788286,
      "system": 0.89644702,
      "min": 2.3540690370200004,
      "max": 2.3540690370200004,
      "times": [
        2.3540690370200004
      ],
      "exit_codes": [
        0
      ],
      "parameters": {
        "SIZE": "999999"
      }
    }
  ]
}
