{
  "results": [
    {
      "command": "/Users/vekatze/Code/neut/bench/script/../action/intmap/bin/intmap-nt 333333",
      "mean": 0.26165636948000004,
      "stddev": null,
      "median": 0.26165636948000004,
      "user": 0.25613374,
      "system": 0.0038036,
      "min": 0.26165636948000004,
      "max": 0.26165636948000004,
      "times": [
        0.26165636948000004
      ],
      "exit_codes": [
        0
      ],
      "parameters": {
        "SIZE": "333333"
      }
    },
    {
      "command": "/Users/vekatze/Code/neut/bench/script/../action/intmap/bin/intmap-nt 666666",
      "mean": 0.68568070248,
      "stddev": null,
      "median": 0.68568070248,
      "user": 0.67520274,
      "system": 0.0070516,
      "min": 0.68568070248,
      "max": 0.68568070248,
      "times": [
        0.68568070248
      ],
      "exit_codes": [
        0
      ],
      "parameters": {
        "SIZE": "666666"
      }
    },
    {
      "command": "/Users/vekatze/Code/neut/bench/script/../action/intmap/bin/intmap-nt 999999",
      "mean": 1.2315589524800001,
      "stddev": null,
      "median": 1.2315589524800001,
      "user": 1.21177674,
      "system": 0.0098696,
      "min": 1.2315589524800001,
      "max": 1.2315589524800001,
      "times": [
        1.2315589524800001
      ],
      "exit_codes": [
        0
      ],
      "parameters": {
        "SIZE": "999999"
      }
    }
  ]
}
