{
  "results": [
    {
      "command": "/Users/vekatze/Code/neut/bench/script/../action/intmap/bin/intmap-hs 333333",
      "mean": 0.55915623664,
      "stddev": null,
      "median": 0.55915623664,
      "user": 0.7011642399999999,
      "system": 0.2279955,
      "min": 0.55915623664,
      "max": 0.55915623664,
      "times": [
        0.55915623664
      ],
      "exit_codes": [
        0
      ],
      "parameters": {
        "SIZE": "333333"
      }
    },
    {
      "command": "/Users/vekatze/Code/neut/bench/script/../action/intmap/bin/intmap-hs 666666",
      "mean": 1.37777252864,
      "stddev": null,
      "median": 1.37777252864,
      "user": 1.69705624,
      "system": 0.5710115,
      "min": 1.37777252864,
      "max": 1.37777252864,
      "times": [
        1.37777252864
      ],
      "exit_codes": [
        0
      ],
      "parameters": {
        "SIZE": "666666"
      }
    },
    {
      "command": "/Users/vekatze/Code/neut/bench/script/../action/intmap/bin/intmap-hs 999999",
      "mean": 2.22738761164,
      "stddev": null,
      "median": 2.22738761164,
      "user": 2.7050932399999996,
      "system": 0.8330255,
      "min": 2.22738761164,
      "max": 2.22738761164,
      "times": [
        2.22738761164
      ],
      "exit_codes": [
        0
      ],
      "parameters": {
        "SIZE": "999999"
      }
    }
  ]
}
