{
  "results": [
    {
      "command": "/Users/vekatze/Code/neut/bench/script/../action/bubble/bin/bubble-nt 16666",
      "mean": 0.745143077,
      "stddev": null,
      "median": 0.745143077,
      "user": 0.74084864,
      "system": 0.0008962599999999999,
      "min": 0.745143077,
      "max": 0.745143077,
      "times": [
        0.745143077
      ],
      "exit_codes": [
        0
      ],
      "parameters": {
        "SIZE": "16666"
      }
    },
    {
      "command": "/Users/vekatze/Code/neut/bench/script/../action/bubble/bin/bubble-nt 33332",
      "mean": 3.109872868,
      "stddev": null,
      "median": 3.109872868,
      "user": 3.09634164,
      "system": 0.00187226,
      "min": 3.109872868,
      "max": 3.109872868,
      "times": [
        3.109872868
      ],
      "exit_codes": [
        0
      ],
      "parameters": {
        "SIZE": "33332"
      }
    },
    {
      "command": "/Users/vekatze/Code/neut/bench/script/../action/bubble/bin/bubble-nt 49998",
      "mean": 6.8451036180000004,
      "stddev": null,
      "median": 6.8451036180000004,
      "user": 6.81353864,
      "system": 0.003449259999999999,
      "min": 6.8451036180000004,
      "max": 6.8451036180000004,
      "times": [
        6.8451036180000004
      ],
      "exit_codes": [
        0
      ],
      "parameters": {
        "SIZE": "49998"
      }
    }
  ]
}
