{
  "results": [
    {
      "command": "/Users/vekatze/Code/neut/bench/script/../action/bubble/bin/bubble-hs 16666",
      "mean": 1.0764370024399998,
      "stddev": null,
      "median": 1.0764370024399998,
      "user": 1.0460659399999999,
      "system": 0.38492512,
      "min": 1.0764370024399998,
      "max": 1.0764370024399998,
      "times": [
        1.0764370024399998
      ],
      "exit_codes": [
        0
      ],
      "parameters": {
        "SIZE": "16666"
      }
    },
    {
      "command": "/Users/vekatze/Code/neut/bench/script/../action/bubble/bin/bubble-hs 33332",
      "mean": 5.25372391844,
      "stddev": null,
      "median": 5.25372391844,
      "user": 5.43926194,
      "system": 2.50623112,
      "min": 5.25372391844,
      "max": 5.25372391844,
      "times": [
        5.25372391844
      ],
      "exit_codes": [
        0
      ],
      "parameters": {
        "SIZE": "33332"
      }
    },
    {
      "command": "/Users/vekatze/Code/neut/bench/script/../action/bubble/bin/bubble-hs 49998",
      "mean": 14.262832959439999,
      "stddev": null,
      "median": 14.262832959439999,
      "user": 14.81654094,
      "system": 8.77051912,
      "min": 14.262832959439999,
      "max": 14.262832959439999,
      "times": [
        14.262832959439999
      ],
      "exit_codes": [
        0
      ],
      "parameters": {
        "SIZE": "49998"
      }
    }
  ]
}
