{
  "results": [
    {
      "command": "/Users/vekatze/Code/neut/bench/script/../action/bubble/bin/bubble-nt 16666",
      "mean": 0.69859356154,
      "stddev": null,
      "median": 0.69859356154,
      "user": 0.69459808,
      "system": 0.00115234,
      "min": 0.69859356154,
      "max": 0.69859356154,
      "times": [
        0.69859356154
      ],
      "exit_codes": [
        0
      ],
      "parameters": {
        "SIZE": "16666"
      }
    },
    {
      "command": "/Users/vekatze/Code/neut/bench/script/../action/bubble/bin/bubble-nt 33332",
      "mean": 3.19732068554,
      "stddev": null,
      "median": 3.19732068554,
      "user": 3.15817508,
      "system": 0.00466034,
      "min": 3.19732068554,
      "max": 3.19732068554,
      "times": [
        3.19732068554
      ],
      "exit_codes": [
        0
      ],
      "parameters": {
        "SIZE": "33332"
      }
    },
    {
      "command": "/Users/vekatze/Code/neut/bench/script/../action/bubble/bin/bubble-nt 49998",
      "mean": 7.446788977540001,
      "stddev": null,
      "median": 7.446788977540001,
      "user": 7.3309650799999995,
      "system": 0.01095034,
      "min": 7.446788977540001,
      "max": 7.446788977540001,
      "times": [
        7.446788977540001
      ],
      "exit_codes": [
        0
      ],
      "parameters": {
        "SIZE": "49998"
      }
    }
  ]
}
