{
  "results": [
    {
      "command": "/Users/vekatze/Code/neut/bench/script/../action/dictionary/bin/dictionary-hs 333333",
      "mean": 0.9491492425200001,
      "stddev": null,
      "median": 0.9491492425200001,
      "user": 1.07530414,
      "system": 0.43910052,
      "min": 0.9491492425200001,
      "max": 0.9491492425200001,
      "times": [
        0.9491492425200001
      ],
      "exit_codes": [
        0
      ],
      "parameters": {
        "SIZE": "333333"
      }
    },
    {
      "command": "/Users/vekatze/Code/neut/bench/script/../action/dictionary/bin/dictionary-hs 666666",
      "mean": 2.22309790952,
      "stddev": null,
      "median": 2.22309790952,
      "user": 2.4837661399999997,
      "system": 0.9254305199999999,
      "min": 2.22309790952,
      "max": 2.22309790952,
      "times": [
        2.22309790952
      ],
      "exit_codes": [
        0
      ],
      "parameters": {
        "SIZE": "666666"
      }
    },
    {
      "command": "/Users/vekatze/Code/neut/bench/script/../action/dictionary/bin/dictionary-hs 999999",
      "mean": 3.46181390852,
      "stddev": null,
      "median": 3.46181390852,
      "user": 3.83257814,
      "system": 1.43713952,
      "min": 3.46181390852,
      "max": 3.46181390852,
      "times": [
        3.46181390852
      ],
      "exit_codes": [
        0
      ],
      "parameters": {
        "SIZE": "999999"
      }
    }
  ]
}
