{
  "results": [
    {
      "command": "/Users/vekatze/Code/neut/bench/script/../action/dictionary/bin/dictionary-nt 333333",
      "mean": 0.60663028308,
      "stddev": null,
      "median": 0.60663028308,
      "user": 0.59155054,
      "system": 0.0071701199999999994,
      "min": 0.60663028308,
      "max": 0.60663028308,
      "times": [
        0.60663028308
      ],
      "exit_codes": [
        0
      ],
      "parameters": {
        "SIZE": "333333"
      }
    },
    {
      "command": "/Users/vekatze/Code/neut/bench/script/../action/dictionary/bin/dictionary-nt 666666",
      "mean": 1.35694657408,
      "stddev": null,
      "median": 1.35694657408,
      "user": 1.32427454,
      "system": 0.01323512,
      "min": 1.35694657408,
      "max": 1.35694657408,
      "times": [
        1.35694657408
      ],
      "exit_codes": [
        0
      ],
      "parameters": {
        "SIZE": "666666"
      }
    },
    {
      "command": "/Users/vekatze/Code/neut/bench/script/../action/dictionary/bin/dictionary-nt 999999",
      "mean": 2.0514815320800004,
      "stddev": null,
      "median": 2.0514815320800004,
      "user": 2.01099054,
      "system": 0.01711012,
      "min": 2.0514815320800004,
      "max": 2.0514815320800004,
      "times": [
        2.0514815320800004
      ],
      "exit_codes": [
        0
      ],
      "parameters": {
        "SIZE": "999999"
      }
    }
  ]
}
