{
  "results": [
    {
      "command": "/Users/vekatze/Code/neut/bench/script/../action/dictionary/bin/dictionary-nt 333333",
      "mean": 0.44596168702000005,
      "stddev": null,
      "median": 0.44596168702000005,
      "user": 0.43730036,
      "system": 0.00608632,
      "min": 0.44596168702000005,
      "max": 0.44596168702000005,
      "times": [
        0.44596168702000005
      ],
      "exit_codes": [
        0
      ],
      "parameters": {
        "SIZE": "333333"
      }
    },
    {
      "command": "/Users/vekatze/Code/neut/bench/script/../action/dictionary/bin/dictionary-nt 666666",
      "mean": 0.9782366450200001,
      "stddev": null,
      "median": 0.9782366450200001,
      "user": 0.9641023599999999,
      "system": 0.00942132,
      "min": 0.9782366450200001,
      "max": 0.9782366450200001,
      "times": [
        0.9782366450200001
      ],
      "exit_codes": [
        0
      ],
      "parameters": {
        "SIZE": "666666"
      }
    },
    {
      "command": "/Users/vekatze/Code/neut/bench/script/../action/dictionary/bin/dictionary-nt 999999",
      "mean": 1.5905019790200001,
      "stddev": null,
      "median": 1.5905019790200001,
      "user": 1.5700003599999999,
      "system": 0.01273732,
      "min": 1.5905019790200001,
      "max": 1.5905019790200001,
      "times": [
        1.5905019790200001
      ],
      "exit_codes": [
        0
      ],
      "parameters": {
        "SIZE": "999999"
      }
    }
  ]
}
