{
  "results": [
    {
      "command": "/Users/vekatze/Code/neut/bench/script/../action/dictionary/bin/dictionary-hs 333333",
      "mean": 0.8456256774600001,
      "stddev": null,
      "median": 0.8456256774600001,
      "user": 0.9840783799999999,
      "system": 0.3912663,
      "min": 0.8456256774600001,
      "max": 0.8456256774600001,
      "times": [
        0.8456256774600001
      ],
      "exit_codes": [
        0
      ],
      "parameters": {
        "SIZE": "333333"
      }
    },
    {
      "command": "/Users/vekatze/Code/neut/bench/script/../action/dictionary/bin/dictionary-hs 666666",
      "mean": 1.9310730524600002,
      "stddev": null,
      "median": 1.9310730524600002,
      "user": 2.23967838,
      "system": 0.8245252999999999,
      "min": 1.9310730524600002,
      "max": 1.9310730524600002,
      "times": [
        1.9310730524600002
      ],
      "exit_codes": [
        0
      ],
      "parameters": {
        "SIZE": "666666"
      }
    },
    {
      "command": "/Users/vekatze/Code/neut/bench/script/../action/dictionary/bin/dictionary-hs 999999",
      "mean": 3.1463323024600003,
      "stddev": null,
      "median": 3.1463323024600003,
      "user": 3.59940438,
      "system": 1.2994263,
      "min": 3.1463323024600003,
      "max": 3.1463323024600003,
      "times": [
        3.1463323024600003
      ],
      "exit_codes": [
        0
      ],
      "parameters": {
        "SIZE": "999999"
      }
    }
  ]
}
