{
  "results": [
    {
      "command": "/Users/vekatze/Code/neut/bench/script/../action/intmap/bin/intmap-hs 333333",
      "mean": 0.6621349712200001,
      "stddev": null,
      "median": 0.6621349712200001,
      "user": 0.78096056,
      "system": 0.27580288,
      "min": 0.6621349712200001,
      "max": 0.6621349712200001,
      "times": [
        0.6621349712200001
      ],
      "exit_codes": [
        0
      ],
      "parameters": {
        "SIZE": "333333"
      }
    },
    {
      "command": "/Users/vekatze/Code/neut/bench/script/../action/intmap/bin/intmap-hs 666666",
      "mean": 1.57531876222,
      "stddev": null,
      "median": 1.57531876222,
      "user": 1.85162256,
      "system": 0.5843288799999999,
      "min": 1.57531876222,
      "max": 1.57531876222,
      "times": [
        1.57531876222
      ],
      "exit_codes": [
        0
      ],
      "parameters": {
        "SIZE": "666666"
      }
    },
    {
      "command": "/Users/vekatze/Code/neut/bench/script/../action/intmap/bin/intmap-hs 999999",
      "mean": 2.6047344712199996,
      "stddev": null,
      "median": 2.6047344712199996,
      "user": 2.99969056,
      "system": 0.98001388,
      "min": 2.6047344712199996,
      "max": 2.6047344712199996,
      "times": [
        2.6047344712199996
      ],
      "exit_codes": [
        0
      ],
      "parameters": {
        "SIZE": "999999"
      }
    }
  ]
}
