{
  "results": [
    {
      "command": "/Users/vekatze/Code/neut/bench/script/../action/intmap/bin/intmap-nt 333333",
      "mean": 0.39276977322,
      "stddev": null,
      "median": 0.39276977322,
      "user": 0.3831787,
      "system": 0.0050465,
      "min": 0.39276977322,
      "max": 0.39276977322,
      "times": [
        0.39276977322
      ],
      "exit_codes": [
        0
      ],
      "parameters": {
        "SIZE": "333333"
      }
    },
    {
      "command": "/Users/vekatze/Code/neut/bench/script/../action/intmap/bin/intmap-nt 666666",
      "mean": 0.9901190642200001,
      "stddev": null,
      "median": 0.9901190642200001,
      "user": 0.9670437,
      "system": 0.0099055,
      "min": 0.9901190642200001,
      "max": 0.9901190642200001,
      "times": [
        0.9901190642200001
      ],
      "exit_codes": [
        0
      ],
      "parameters": {
        "SIZE": "666666"
      }
    },
    {
      "command": "/Users/vekatze/Code/neut/bench/script/../action/intmap/bin/intmap-nt 999999",
      "mean": 1.71013331522,
      "stddev": null,
      "median": 1.71013331522,
      "user": 1.6720797,
      "system": 0.013464499999999999,
      "min": 1.71013331522,
      "max": 1.71013331522,
      "times": [
        1.71013331522
      ],
      "exit_codes": [
        0
      ],
      "parameters": {
        "SIZE": "999999"
      }
    }
  ]
}
