{
  "results": [
    {
      "command": "/Users/vekatze/Code/neut/bench/script/../action/intmap/bin/intmap-nt 333333",
      "mean": 0.26360350006000005,
      "stddev": null,
      "median": 0.26360350006000005,
      "user": 0.25802068,
      "system": 0.004050939999999999,
      "min": 0.26360350006000005,
      "max": 0.26360350006000005,
      "times": [
        0.26360350006000005
      ],
      "exit_codes": [
        0
      ],
      "parameters": {
        "SIZE": "333333"
      }
    },
    {
      "command": "/Users/vekatze/Code/neut/bench/script/../action/intmap/bin/intmap-nt 666666",
      "mean": 0.70978920806,
      "stddev": null,
      "median": 0.70978920806,
      "user": 0.6987256799999999,
      "system": 0.00705594,
      "min": 0.70978920806,
      "max": 0.70978920806,
      "times": [
        0.70978920806
      ],
      "exit_codes": [
        0
      ],
      "parameters": {
        "SIZE": "666666"
      }
    },
    {
      "command": "/Users/vekatze/Code/neut/bench/script/../action/intmap/bin/intmap-nt 999999",
      "mean": 1.1622712500599999,
      "stddev": null,
      "median": 1.1622712500599999,
      "user": 1.14617868,
      "system": 0.01043794,
      "min": 1.1622712500599999,
      "max": 1.1622712500599999,
      "times": [
        1.1622712500599999
      ],
      "exit_codes": [
        0
      ],
      "parameters": {
        "SIZE": "999999"
      }
    }
  ]
}
