{
  "results": [
    {
      "command": "/Users/vekatze/Code/neut/bench/script/../action/intmap/bin/intmap-hs 333333",
      "mean": 0.5690254453000001,
      "stddev": null,
      "median": 0.5690254453000001,
      "user": 0.70415206,
      "system": 0.24961457999999997,
      "min": 0.5690254453000001,
      "max": 0.5690254453000001,
      "times": [
        0.5690254453000001
      ],
      "exit_codes": [
        0
      ],
      "parameters": {
        "SIZE": "333333"
      }
    },
    {
      "command": "/Users/vekatze/Code/neut/bench/script/../action/intmap/bin/intmap-hs 666666",
      "mean": 1.3497883613,
      "stddev": null,
      "median": 1.3497883613,
      "user": 1.66345806,
      "system": 0.55073158,
      "min": 1.3497883613,
      "max": 1.3497883613,
      "times": [
        1.3497883613
      ],
      "exit_codes": [
        0
      ],
      "parameters": {
        "SIZE": "666666"
      }
    },
    {
      "command": "/Users/vekatze/Code/neut/bench/script/../action/intmap/bin/intmap-hs 999999",
      "mean": 2.2590988193,
      "stddev": null,
      "median": 2.2590988193,
      "user": 2.74358106,
      "system": 0.90360858,
      "min": 2.2590988193,
      "max": 2.2590988193,
      "times": [
        2.2590988193
      ],
      "exit_codes": [
        0
      ],
      "parameters": {
        "SIZE": "999999"
      }
    }
  ]
}
